{"cameraMode":{"drawMode":0,"name":"Shaded","section":"Shading Mode"},"sceneLighting":false,"audioPlay":false,"sceneViewState":{"showFog":true,"showMaterialUpdate":false,"showSkybox":true,"showFlares":true,"showImageEffects":true,"showParticleSystems":true},"in2DMode":false,"pivot":{"x":-0.2763444185256958,"y":0.8138007521629334,"z":-2.206667900085449},"rotation":{"x":-0.06877457350492478,"y":0.07027424871921539,"z":-0.004858213011175394,"w":-0.9951422214508057},"size":0.3092265725135803,"orthographic":false}