{"cameraMode":{"drawMode":0,"name":"Shaded","section":"Shading Mode"},"sceneLighting":false,"audioPlay":false,"sceneViewState":{"showFog":true,"showMaterialUpdate":false,"showSkybox":true,"showFlares":true,"showImageEffects":true,"showParticleSystems":true},"in2DMode":false,"pivot":{"x":0.15999998152256013,"y":-0.49000000953674319,"z":0.8600000143051148},"rotation":{"x":0.33158624172210696,"y":-0.5085291862487793,"z":0.22090862691402436,"w":0.7633139491081238},"size":2.800029754638672,"orthographic":false}