{"cameraMode":{"drawMode":0,"name":"Shaded","section":"Shading Mode"},"sceneLighting":false,"audioPlay":false,"sceneViewState":{"showFog":true,"showMaterialUpdate":false,"showSkybox":true,"showFlares":true,"showImageEffects":true,"showParticleSystems":true},"in2DMode":false,"pivot":{"x":387.81024169921877,"y":174.93833923339845,"z":12.709687232971192},"rotation":{"x":0.33158624172210696,"y":-0.5085291862487793,"z":0.22090862691402436,"w":0.7633139491081238},"size":434.9919738769531,"orthographic":false}